say;verb;seɪ;<image src='say_verb_ed_eng.jpg'>;[sound:say_ed_eng.mp3];to pronounce words or sounds, to express a thought, opinion, or suggestion, or to state a fact or instruction: ; ;[sound:say_verb_def_ed_eng.mp3];"<div class=""examp dexamp""><span class=""eg deg"">Small children find it difficult to say long words.</span></div>, <div class=""examp dexamp""> <span class=""eg deg"">She said <span class=""b db"">goodbye</span> to all her friends and left.</span></div>, <div class=""examp dexamp""> <span class=""eg deg"">Ben never forgets to say ""Please"" and ""Thank you"".</span></div>, <div class=""examp dexamp""> <span class=""eg deg"">How do you say ""goodbye"" in French?</span></div>, <div class=""examp dexamp""> <span class=""eg deg"">I'm sorry, what did you say?</span></div>, <div class=""examp dexamp""> <span class=""eg deg"">Do you know what she said <span class=""b db"">to</span> him?</span></div>, <div class=""examp dexamp""> <span class=""eg deg"">What did they say <span class=""b db"">about</span> the house?</span></div>, <div class=""examp dexamp""> <span class=""gram dgram"">[ <span class=""gc dgc"">+ speech</span> ]</span> <span class=""eg deg"">""I'm going out this evening,"" she said.</span></div>, <div class=""examp dexamp""> <span class=""eg deg"">He said <span class=""b db"">to</span> him<span class=""b db"">self</span> <span class=""gloss dgloss"">(= thought)</span>, ""This will never work.""</span></div>, <div class=""examp dexamp""> <span class=""gram dgram"">[ <span class=""gc dgc"">+ (that)</span> ]</span> <span class=""eg deg"">The doctors say <span class=""b db"">(that)</span> it will take him a few weeks to recover.</span></div>, <div class=""examp dexamp""> <span class=""gram dgram"">[ <span class=""gc dgc"">+ question word</span> ]</span> <span class=""eg deg"">She didn't say <span class=""b db"">wh</span>ether she was coming.</span></div>, <div class=""examp dexamp""> <span class=""eg deg"">Did she say <span class=""gloss dgloss"">(= tell you)</span> <span class=""b db"">wh</span>y she wasn't coming?</span></div>, <div class=""examp dexamp""> <span class=""gram dgram"">[ <span class=""gc dgc"">+ to infinitive</span> ]</span> <span class=""lab dlab""><span class=""usage dusage"">informal</span></span> <span class=""eg deg"">He said <span class=""gloss dgloss"">(= told me)</span> <span class=""b db"">to</span> meet him here.</span></div>, <div class=""examp dexamp""> <span class=""eg deg"">I've got <span class=""b db"">something</span> to say to you.</span></div>, <div class=""examp dexamp""> <span class=""eg deg"">The offer was so good that I <span class=""b db"">couldn't</span> say <span class=""b db"">no</span> <span class=""gloss dgloss"">(= couldn't refuse)</span>.</span></div>";[sound:say_verb_ex_ed_eng.mp3]; ;
say;exclamation;seɪ;<image src='say_exclamation_ed_eng.jpg'>;[sound:say_ed_eng.mp3];used to express surprise or pleasure, or to attract attention to what you are about to say: ; ;[sound:say_exclamation_def_ed_eng.mp3];"<div class=""examp dexamp""><span class=""lab dlab""><span class=""region dregion"">US</span></span> <span class=""eg deg"">Say, that's really good of you!</span></div>, <div class=""examp dexamp""><span class=""lab dlab""><span class=""region dregion"">US</span></span> <span class=""eg deg"">Say, how about going out tonight?</span></div>, <div class=""examp dexamp""><span class=""lab dlab""><span class=""region dregion"">UK</span></span> <span class=""eg deg""><span class=""b db"">I</span> say, what a splendid hat you're wearing!</span></div>";[sound:say_exclamation_ex_ed_eng.mp3]; ;
say;noun;seɪ;<image src='say_noun_ed_eng.jpg'>;[sound:say_ed_eng.mp3];(the right to give) an opinion about something: ; ;[sound:say_noun_def_ed_eng.mp3];"<div class=""examp dexamp""><span class=""eg deg"">Keep quiet for a minute and let me <span class=""b db"">have</span> my say.</span></div>, <div class=""examp dexamp""> <span class=""eg deg"">The judge usually has the final say.</span></div>";[sound:say_noun_ex_ed_eng.mp3]; ;
tell;verb;tel;<image src='tell_verb_ed_eng.jpg'>;[sound:tell_ed_eng.mp3];to say something to someone, often giving them information or instructions: ; ;[sound:tell_verb_def_ed_eng.mp3];"<div class=""examp dexamp""><span class=""eg deg"">Tell me <span class=""b db"">about</span> your holiday then.</span></div>, <div class=""examp dexamp""> <span class=""gram dgram"">[ <span class=""gc dgc"">+ two objects</span> ]</span> <span class=""eg deg"">Can you tell me how to get to the library?</span></div>, <div class=""examp dexamp""> <span class=""gram dgram"">[ <span class=""gc dgc"">+ obj + (that)</span>  ]</span> <span class=""eg deg"">Did you tell anyone <span class=""b db"">(that)</span> you were coming to see me?</span></div>, <div class=""examp dexamp""> <span class=""gram dgram"">[ <span class=""gc dgc"">+ obj + speech</span>  ]</span> <span class=""eg deg"">""I'm leaving you,"" she told him.</span></div>, <div class=""examp dexamp""> <span class=""gram dgram"">[ <span class=""gc dgc"">+ obj + to infinitive</span>  ]</span> <span class=""eg deg"">I told her <span class=""b db"">to</span> go home.</span></div>, <div class=""examp dexamp""><span class=""lab dlab""><span class=""usage dusage"">formal</span></span> <span class=""eg deg"">He told us <span class=""b db"">of</span> his extraordinary childhood.</span></div>, <div class=""examp dexamp""> <span class=""eg deg"">I can't tell you how grateful I am for your help <span class=""gloss dgloss"">(= I am extremely grateful)</span>.</span></div>";[sound:tell_verb_ex_ed_eng.mp3]; ;
agree;verb;əˈɡriː;<image src='agree_verb_ed_eng.jpg'>;[sound:agree_ed_eng.mp3];to have the same opinion: ; ;[sound:agree_verb_def_ed_eng.mp3];"<div class=""examp dexamp""><span class=""eg deg"">Ann and I never seem to agree.</span></div>, <div class=""examp dexamp""> <span class=""eg deg"">I agree <span class=""b db"">with</span> you on this issue.</span></div>, <div class=""examp dexamp""> <span class=""eg deg"">My father and I don't agree <span class=""b db"">about/on</span> very much.</span></div>, <div class=""examp dexamp""> <span class=""gram dgram"">[ <span class=""gc dgc"">+ that</span> ]</span> <span class=""eg deg"">I agree <span class=""b db"">that</span> he should be invited.</span></div>, <div class=""examp dexamp""> <span class=""gram dgram"">[ <span class=""gc dgc"">+ question word</span> ]</span> <span class=""eg deg"">Experts seem unable to agree <span class=""b db"">wh</span>ether the drug is safe or not.</span></div>, <div class=""examp dexamp""> <span class=""gram dgram"">[ <span class=""gc dgc"">+ speech</span> ]</span> <span class=""eg deg"">""You're absolutely right,"" agreed Jake.</span></div>";[sound:agree_verb_ex_ed_eng.mp3]; ;
claim;verb;kleɪm;<image src='claim_verb_ed_eng.jpg'>;[sound:claim_ed_eng.mp3];to say that something is true or is a fact, although you cannot prove it and other people might not believe it: ; ;[sound:claim_verb_def_ed_eng.mp3];"<div class=""examp dexamp""><span class=""gram dgram"">[ <span class=""gc dgc"">+ (that)</span> ]</span> <span class=""eg deg"">The company claims <span class=""b db"">(that)</span> it is not responsible for the pollution in the river.</span></div>, <div class=""examp dexamp""> <span class=""gram dgram"">[ <span class=""gc dgc"">+ to infinitive</span> ]</span> <span class=""eg deg"">He claims <span class=""b db"">to</span> have met the president, but I don't believe him.</span></div>, <div class=""examp dexamp""> <span class=""eg deg"">All parties have claimed <span class=""b db"">success</span> in yesterday's elections.</span></div>, <div class=""examp dexamp""> <span class=""eg deg"">An unknown terrorist group has claimed <span class=""b db"">responsibility</span> for this morning's bomb attack.</span></div>";[sound:claim_verb_ex_ed_eng.mp3]; ;
claim;noun;kleɪm;<image src='claim_noun_ed_eng.jpg'>;[sound:claim_ed_eng.mp3];a statement that something is true or is a fact, although other people might not believe it: ; ;[sound:claim_noun_def_ed_eng.mp3];"<div class=""examp dexamp""><span class=""eg deg"">He said the police assaulted him while he was in custody, a claim that the police deny.</span></div>, <div class=""examp dexamp""> <span class=""gram dgram"">[ <span class=""gc dgc"">+ that</span> ]</span> <span class=""eg deg"">The government's claim <span class=""b db"">that</span> it would reduce taxes proved false.</span></div>, <div class=""examp dexamp""> <span class=""eg deg"">Can you give any evidence to <span class=""b db"">support</span> your claim?</span></div>, <div class=""examp dexamp""> <span class=""eg deg"">He <span class=""b db"">made</span> wild claims <span class=""b db"">about</span> being able to cure cancer.</span></div>";[sound:claim_noun_ex_ed_eng.mp3]; ;
promise;verb;ˈprɒm.ɪs;<image src='promise_verb_ed_eng.jpg'>;[sound:promise_ed_eng.mp3];to tell someone that you will certainly do something: ; ;[sound:promise_verb_def_ed_eng.mp3];"<div class=""examp dexamp""><span class=""gram dgram"">[ <span class=""gc dgc"">+ to infinitive</span> ]</span> <span class=""eg deg"">He promised faithfully <span class=""b db"">to</span> call me every week.</span></div>, <div class=""examp dexamp""> <span class=""gram dgram"">[ <span class=""gc dgc"">+ that</span> ]</span> <span class=""eg deg"">The government have promised <span class=""b db"">that</span> they'll reduce taxes.</span></div>, <div class=""examp dexamp""> <span class=""gram dgram"">[ <span class=""gc dgc"">+ (that)</span> ]</span> <span class=""eg deg"">Promise me <span class=""b db"">(that)</span> you won't tell him.</span></div>, <div class=""examp dexamp""> <span class=""eg deg"">I'll look for some while I'm at the shops but I'm not promising anything.</span></div>, <div class=""examp dexamp""> <span class=""eg deg"">Can I have that book back when you've finished because I've promised it <span class=""gloss dgloss"">(= I have said I will give it)</span> <span class=""b db"">to</span> Sara.</span></div>, <div class=""examp dexamp""> <span class=""gram dgram"">[ <span class=""gc dgc"">+ two objects</span> ]</span> <span class=""eg deg"">Her parents promised her a new car if she passed her exams.</span></div>, <div class=""examp dexamp""> <span class=""eg deg"">I've promised myself a long bath when I get through all this work.</span></div>, <div class=""examp dexamp""> <span class=""gram dgram"">[ <span class=""gc dgc"">+ speech</span> ]</span> <span class=""eg deg"">""I'll come round and see you every day,"" she promised.</span></div>, <div class=""examp dexamp""> <span class=""eg deg"">""I won't do anything dangerous."" ""You promise?"" ""I promise.""</span></div>, <div class=""examp dexamp""> <span class=""eg deg"">""I won't have time to take you shopping this afternoon."" ""But you promised!""</span></div>";[sound:promise_verb_ex_ed_eng.mp3]; ;
promise;noun;ˈprɒm.ɪs;<image src='promise_noun_ed_eng.jpg'>;[sound:promise_ed_eng.mp3];the act of saying that you will certainly do something: ; ;[sound:promise_noun_def_ed_eng.mp3];"<div class=""examp dexamp""><span class=""eg deg"">I'll put my things away tonight - and that's a promise!</span></div>, <div class=""examp dexamp""> <span class=""eg deg"">I'll try to get back in time, but I'm not <span class=""b db"">making</span> any promises.</span></div>";[sound:promise_noun_ex_ed_eng.mp3]; ;
refuse;verb;rɪˈfjuːz;<image src='refuse_verb_ed_eng.jpg'>;[sound:refuse_ed_eng.mp3];to say that you will not do or accept something: ; ;[sound:refuse_verb_def_ed_eng.mp3];"<div class=""examp dexamp""><span class=""eg deg"">He asked me to give him another loan, but I refused.</span></div>, <div class=""examp dexamp""> <span class=""eg deg"">He's in trouble but he's refused all (my offers of) help.</span></div>, <div class=""examp dexamp""> <span class=""gram dgram"">[ <span class=""gc dgc"">+ to infinitive</span> ]</span> <span class=""eg deg"">On cold mornings the car always refuses <span class=""b db"">to</span> start.</span></div>, <div class=""examp dexamp""> <span class=""gram dgram"">[ <span class=""gc dgc"">+ two objects</span> ]</span> <span class=""eg deg"">The local council refused him planning permission to build an extra bedroom.</span></div>";[sound:refuse_verb_ex_ed_eng.mp3]; ;
refuse;noun;ˈref.juːs;<image src='refuse_noun_ed_eng.jpg'>;[sound:refuse_ed_eng.mp3];unwanted waste material, especially material that is regularly thrown away from a house, factory, etc.: ; ;[sound:refuse_noun_def_ed_eng.mp3];"<div class=""examp dexamp""><span class=""eg deg""><span class=""b db"">garden/kitchen</span> refuse</span></div>";[sound:refuse_noun_ex_ed_eng.mp3]; ;
swear;verb;sweər;<image src='swear_verb_ed_eng.jpg'>;[sound:swear_ed_eng.mp3];to use words that are rude or offensive as a way of emphasizing what you mean or as a way of insulting someone or something: ; ;[sound:swear_verb_def_ed_eng.mp3];"<div class=""examp dexamp""><span class=""eg deg"">It was a real shock, the first time I heard my mother swear.</span></div>, <div class=""examp dexamp""> <span class=""eg deg"">When the cab driver started to swear <span class=""b db"">at</span> him, he walked away.</span></div>";[sound:swear_verb_ex_ed_eng.mp3]; ;
threaten;verb;ˈθret.ən;<image src='threaten_verb_ed_eng.jpg'>;[sound:threaten_ed_eng.mp3];to tell someone that you will kill or hurt them or cause problems if they do not do what you want: ; ;[sound:threaten_verb_def_ed_eng.mp3];"<div class=""examp dexamp""><span class=""eg deg"">They threatened the shopkeeper <span class=""b db"">with</span> a gun.</span></div>, <div class=""examp dexamp""> <span class=""gram dgram"">[ <span class=""gc dgc"">+ to infinitive</span> ]</span> <span class=""eg deg"">They threatened <span class=""b db"">to</span> kill him unless he did as they asked.</span></div>";[sound:threaten_verb_ex_ed_eng.mp3]; ;
admit;verb;ədˈmɪt;<image src='admit_verb_ed_eng.jpg'>;[sound:admit_ed_eng.mp3];to agree that something is true, especially unwillingly: ; ;[sound:admit_verb_def_ed_eng.mp3];"<div class=""examp dexamp""><span class=""eg deg"">He admitted his guilt/mistake.</span></div>, <div class=""examp dexamp""> <span class=""gram dgram"">[ <span class=""gc dgc"">+ (that)</span> ]</span> <span class=""eg deg"">She admitted <span class=""b db"">(that)</span> she had made a mistake.</span></div>, <div class=""examp dexamp""> <span class=""gram dgram"">[ <span class=""gc dgc"">+ -ing verb</span> ]</span> <span class=""eg deg"">She admitted mak<span class=""b db"">ing</span> a mistake.</span></div>, <div class=""examp dexamp""> <span class=""eg deg"">At first he denied stealing the money but he later admitted <span class=""b db"">(to)</span> it.</span></div>, <div class=""examp dexamp""> <span class=""eg deg"">I wasn't entirely honest with him, I admit.</span></div>, <div class=""examp dexamp""> <span class=""gram dgram"">[ <span class=""gc dgc"">+ to infinitive</span> ]</span> <span class=""eg deg"">The new law was generally admitted <span class=""b db"">to</span> be difficult to enforce.</span></div>";[sound:admit_verb_ex_ed_eng.mp3]; ;
answer;noun;ˈɑːn.sər;<image src='answer_noun_ed_eng.jpg'>;[sound:answer_ed_eng.mp3];a reaction to a question, letter, phone call, etc.: ; ;[sound:answer_noun_def_ed_eng.mp3];"<div class=""examp dexamp""><span class=""eg deg"">The minister promised to give a written answer <span class=""b db"">to</span> the MP's detailed question.</span></div>, <div class=""examp dexamp""> <span class=""eg deg"">We've emailed him asking him if he's free on that date but we haven't had an answer yet.</span></div>, <div class=""examp dexamp""> <span class=""eg deg"">I've just called him but there was no answer.</span></div>, <div class=""examp dexamp""> <span class=""eg deg"">I didn't realize we had to write each answer on a new sheet of paper.</span></div>, <div class=""examp dexamp""> <span class=""eg deg"">I got eight correct answers and two wrong ones in last week's exam.</span></div>, <div class=""examp dexamp""> <span class=""eg deg""><span class=""b db"">In</span> answer <span class=""b db"">to</span> your letter of 30 May, I am writing to accept your offer of £3,575 in compensation.</span></div>";[sound:answer_noun_ex_ed_eng.mp3]; ;
answer;verb;ˈɑːn.sər;<image src='answer_verb_ed_eng.jpg'>;[sound:answer_ed_eng.mp3];to say, write, or do something as a reaction to a question, letter, etc.: ; ;[sound:answer_verb_def_ed_eng.mp3];"<div class=""examp dexamp""><span class=""eg deg"">I can't answer (you) without more detailed information.</span></div>, <div class=""examp dexamp""> <span class=""eg deg"">You haven't answered my <span class=""b db"">question</span>.</span></div>, <div class=""examp dexamp""> <span class=""eg deg"">I texted asking whether he'd be coming to the party but he hasn't answered yet.</span></div>, <div class=""examp dexamp""> <span class=""gram dgram"">[ <span class=""gc dgc"">+ speech</span> ]</span> <span class=""eg deg"">""I'd love to have dinner with you, but I won't be able to get there before nine o'clock,"" she answered.</span></div>, <div class=""examp dexamp""> <span class=""gram dgram"">[ <span class=""gc dgc"">+ that</span> ]</span> <span class=""eg deg"">She answered <span class=""b db"">that</span> she wouldn't be able to come before nine o'clock.</span></div>, <div class=""examp dexamp""><span class=""lab dlab""><span class=""usage dusage"">formal</span></span> <span class=""eg deg"">Does anyone here answer <span class=""b db"">to the name of</span> <span class=""gloss dgloss"">(= is anyone here called)</span> Wallis?</span></div>";[sound:answer_verb_ex_ed_eng.mp3]; ;
confess;verb;kənˈfes;<image src='confess_verb_ed_eng.jpg'>;[sound:confess_ed_eng.mp3];to admit that you have done something wrong or something that you feel guilty or bad about: ; ;[sound:confess_verb_def_ed_eng.mp3];"<div class=""examp dexamp""><span class=""gram dgram"">[ <span class=""gc dgc"">+ that</span> ]</span> <span class=""eg deg"">She confessed <span class=""b db"">to</span> her husband <span class=""b db"">that</span> she had sold her wedding ring.</span></div>, <div class=""examp dexamp""> <span class=""eg deg"">He confessed <span class=""b db"">to</span> sleep<span class=""b db"">ing</span>/hav<span class=""b db"">ing</span> slept through most of the movie.</span></div>, <div class=""examp dexamp""> <span class=""eg deg"">He has confessed <span class=""b db"">to</span> the murder.</span></div>, <div class=""examp dexamp""> <span class=""gram dgram"">[ <span class=""gc dgc"">+ (that)</span> ]</span> <span class=""eg deg"">I <span class=""b db"">have to</span> confess <span class=""b db"">(that)</span> when I first met Reece I didn't think he was very bright.</span></div>, <div class=""examp dexamp""> <span class=""eg deg"">It was all very confusing, I <span class=""b db"">must</span> confess.</span></div>";[sound:confess_verb_ex_ed_eng.mp3]; ;
deny;verb;dɪˈnaɪ;<image src='deny_verb_ed_eng.jpg'>;[sound:deny_ed_eng.mp3];to say that something is not true: ; ;[sound:deny_verb_def_ed_eng.mp3];"<div class=""examp dexamp""><span class=""eg deg"">He will not confirm or deny the <span class=""b db"">allegations</span>.</span></div>, <div class=""examp dexamp""> <span class=""gram dgram"">[ <span class=""gc dgc"">+ that</span> ]</span> <span class=""eg deg"">Neil denies <span class=""b db"">that</span> he broke the window, but I'm sure he did.</span></div>, <div class=""examp dexamp""> <span class=""gram dgram"">[ <span class=""gc dgc"">+ -ing verb</span> ]</span> <span class=""eg deg"">Neil denies break<span class=""b db"">ing</span> the window.</span></div>";[sound:deny_verb_ex_ed_eng.mp3]; ;
recommend;verb;ˌrek.əˈmend;<image src='recommend_verb_ed_eng.jpg'>;[sound:recommend_ed_eng.mp3];to suggest that someone or something would be good or suitable for a particular job or purpose, or to suggest that a particular action should be done: ; ;[sound:recommend_verb_def_ed_eng.mp3];"<div class=""examp dexamp""><span class=""eg deg"">I can recommend the chicken in mushroom sauce - it's delicious.</span></div>, <div class=""examp dexamp""> <span class=""eg deg"">She has been recommended <span class=""b db"">for</span> promotion.</span></div>, <div class=""examp dexamp""> <span class=""eg deg"">The headmistress agreed to recommend the teachers' proposals <span class=""b db"">to</span> the school governors.</span></div>, <div class=""examp dexamp""> <span class=""gram dgram"">[ <span class=""gc dgc"">+ (that)</span> ]</span> <span class=""eg deg"">The doctor recommended <span class=""b db"">(that)</span> I get more exercise.</span></div>, <div class=""examp dexamp""> <span class=""gram dgram"">[ <span class=""gc dgc"">+ -ing verb</span> ]</span> <span class=""eg deg"">I recommend writ<span class=""b db"">ing</span> your feelings down on paper.</span></div>, <div class=""examp dexamp""> <span class=""eg deg"">The city <span class=""b db"">has much/little to</span> recommend it <span class=""gloss dgloss"">(= it has many/few pleasant qualities)</span>.</span></div>";[sound:recommend_verb_ex_ed_eng.mp3]; ;
remind;verb;rɪˈmaɪnd;<image src='remind_verb_ed_eng.jpg'>;[sound:remind_ed_eng.mp3];to make someone think of something they have forgotten or might have forgotten: ; ;[sound:remind_verb_def_ed_eng.mp3];"<div class=""examp dexamp""><span class=""eg deg"">Could you remind Paul <span class=""b db"">about</span> dinner on Saturday?</span></div>, <div class=""examp dexamp""> <span class=""gram dgram"">[ <span class=""gc dgc"">+ to infinitive</span> ]</span> <span class=""eg deg"">Please remind me <span class=""b db"">to</span> post this letter.</span></div>, <div class=""examp dexamp""> <span class=""gram dgram"">[ <span class=""gc dgc"">+ (that)</span> ]</span> <span class=""eg deg"">I called Jane and reminded her <span class=""b db"">(that)</span> the conference had been cancelled.</span></div>";[sound:remind_verb_ex_ed_eng.mp3]; ;
warn;verb;wɔːn;<image src='warn_verb_ed_eng.jpg'>;[sound:warn_ed_eng.mp3];to make someone realize a possible danger or problem, especially one in the future: ; ;[sound:warn_verb_def_ed_eng.mp3];"<div class=""examp dexamp""><span class=""gram dgram"">[ <span class=""gc dgc"">+ obj + to infinitive</span>  ]</span> <span class=""eg deg"">We were warned not <span class=""b db"">to</span> eat the fish which might upset our stomachs.</span></div>, <div class=""examp dexamp""> <span class=""gram dgram"">[ <span class=""gc dgc"">+ obj + (that)</span>  ]</span> <span class=""eg deg"">Have you warned them <span class=""b db"">(that)</span> there will be an extra person for dinner?</span></div>, <div class=""examp dexamp""> <span class=""eg deg"">I was warned <strong class=""cl"">against/off</strong> go<span class=""b db"">ing</span> to the east coast because it was so full of tourists.</span></div>, <div class=""examp dexamp""> <span class=""eg deg"">The boating area is marked with buoys to warn <strong class=""cl"">off</strong> swimmers.</span></div>, <div class=""examp dexamp""> <span class=""eg deg"">There were signs warning <span class=""b db"">of</span> fog as soon as we got onto the motorway.</span></div>, <div class=""examp dexamp""> <span class=""eg deg"">This particular curry is extremely hot - <span class=""b db"">be</span> warned!</span></div>, <div class=""examp dexamp""> <span class=""eg deg"">Put that ball down now, Laura - I'm warning you <span class=""gloss dgloss"">(= I will punish you if you do not)</span>!</span></div>";[sound:warn_verb_ex_ed_eng.mp3]; ;
accuse;verb;əˈkjuːz;<image src='accuse_verb_ed_eng.jpg'>;[sound:accuse_ed_eng.mp3];to say that someone has done something morally wrong, illegal, or unkind: ; ;[sound:accuse_verb_def_ed_eng.mp3];"<div class=""examp dexamp""><span class=""eg deg"">""It wasn't my fault."" ""Don't worry, I'm not accusing you.""</span></div>, <div class=""examp dexamp""> <span class=""eg deg"">He's been accused <span class=""b db"">of</span> robbery/murder.</span></div>, <div class=""examp dexamp""> <span class=""eg deg"">Are you accusing me <span class=""b db"">of</span> ly<span class=""b db"">ing</span>?</span></div>, <div class=""examp dexamp""> <span class=""eg deg"">The surgeon was accused <span class=""b db"">of</span> negligence.</span></div>";[sound:accuse_verb_ex_ed_eng.mp3]; ;
blame;verb;bleɪm;<image src='blame_verb_ed_eng.jpg'>;[sound:blame_ed_eng.mp3];to say or think that someone or something did something wrong or is responsible for something bad happening: ; ;[sound:blame_verb_def_ed_eng.mp3];"<div class=""examp dexamp""><span class=""eg deg"">Don't blame me <span class=""gloss dgloss"">(= it is not my fault)</span> if you miss the bus!</span></div>, <div class=""examp dexamp""> <span class=""eg deg"">Hugh blames his mother <span class=""b db"">for</span> his lack of confidence.</span></div>, <div class=""examp dexamp""> <span class=""eg deg"">Hugh blames his lack of confidence <span class=""b db"">on</span> his mother.</span></div>";[sound:blame_verb_ex_ed_eng.mp3]; ;
blame;noun;bleɪm;<image src='blame_noun_ed_eng.jpg'>;[sound:blame_ed_eng.mp3];the situation in which people say or think that someone or something did something wrong or is responsible for something bad happening: ; ;[sound:blame_noun_def_ed_eng.mp3];"<div class=""examp dexamp""><span class=""eg deg"">Health officials <span class=""b db"">put</span> the blame<span class=""b db""> for</span> the disease<span class=""b db""> on</span> <span class=""gloss dgloss"">(= say that the reason for the disease is)</span> poor housing conditions.</span></div>, <div class=""examp dexamp""> <span class=""eg deg"">They tried to <span class=""b db"">pin</span> <span class=""gloss dgloss"">(= put)</span> the blame <span class=""b db"">for</span> the killing <span class=""b db"">on</span> an innocent army officer.</span></div>, <div class=""examp dexamp""> <span class=""eg deg"">We want to find out what happened, not to <span class=""b db"">apportion</span> blame <span class=""gloss dgloss"">(= to say someone or something was wrong)</span>.</span></div>";[sound:blame_noun_ex_ed_eng.mp3]; ;
complain;verb;kəmˈpleɪn;<image src='complain_verb_ed_eng.jpg'>;[sound:complain_ed_eng.mp3];to say that something is wrong or not satisfactory: ; ;[sound:complain_verb_def_ed_eng.mp3];"<div class=""examp dexamp""><span class=""eg deg"">Lots of people have complained <span class=""b db"">about</span> the noise.</span></div>, <div class=""examp dexamp""> <span class=""eg deg"">You're always complaining!</span></div>, <div class=""examp dexamp""> <span class=""gram dgram"">[ <span class=""gc dgc"">+ that</span> ]</span> <span class=""eg deg"">He complained <span class=""b db"">that</span> his boss was useless and he had too much work.</span></div>";[sound:complain_verb_ex_ed_eng.mp3]; ;
regret;noun;rɪˈɡret;<image src='regret_noun_ed_eng.jpg'>;[sound:regret_ed_eng.mp3];a feeling of sadness about something sad or wrong or about a mistake that you have made, and a wish that it could have been different and better: ; ;[sound:regret_noun_def_ed_eng.mp3];"<div class=""examp dexamp""><span class=""eg deg"">I left school at 16, but I've had a great life and I <span class=""b db"">have no</span> regrets.</span></div>, <div class=""examp dexamp""> <span class=""eg deg"">The manager expressed deep regret <span class=""b db"">at/for</span> the number of staff reductions.</span></div>, <div class=""examp dexamp""> <span class=""eg deg"">We think, <span class=""b db"">much to</span> our regret <span class=""gloss dgloss"">(= and we are very sorry about this)</span>, that we will not be able to visit you next year.</span></div>";[sound:regret_noun_ex_ed_eng.mp3]; ;
regret;verb;rɪˈɡret;<image src='regret_verb_ed_eng.jpg'>;[sound:regret_ed_eng.mp3];to feel sorry about a situation, especially something sad or wrong or a mistake that you have made: ; ;[sound:regret_verb_def_ed_eng.mp3];"<div class=""examp dexamp""><span class=""eg deg"">Is there anything you've done in your life that you regret?</span></div>, <div class=""examp dexamp""> <span class=""gram dgram"">[ <span class=""gc dgc"">+ -ing verb</span> ]</span> <span class=""eg deg"">I have always regretted not hav<span class=""b db"">ing</span> studied harder at school.</span></div>, <div class=""examp dexamp""> <span class=""gram dgram"">[ <span class=""gc dgc"">+ (that)</span> ]</span> <span class=""lab dlab""><span class=""usage dusage"">formal</span></span> <span class=""eg deg"">The council regrets <span class=""b db"">(that)</span> the money to subsidize the youth club is no longer available.</span></div>, <div class=""examp dexamp""> <span class=""gram dgram"">[ <span class=""gc dgc"">+ to infinitive</span> ]</span> <span class=""lab dlab""><span class=""usage dusage"">formal</span></span> <span class=""eg deg"">British Airways regret <span class=""b db"">to</span> announce the cancellation of flight BA205 to Madrid.</span></div>";[sound:regret_verb_ex_ed_eng.mp3]; ;
insist;verb;ɪnˈsɪst;<image src='insist_verb_ed_eng.jpg'>;[sound:insist_ed_eng.mp3];to say firmly or demand forcefully, especially when others disagree with or oppose what you say: ; ;[sound:insist_verb_def_ed_eng.mp3];"<div class=""examp dexamp""><span class=""gram dgram"">[ <span class=""gc dgc"">+ (that)</span> ]</span> <span class=""eg deg"">Greg still insists <span class=""b db"">(that)</span> he did nothing wrong.</span></div>, <div class=""examp dexamp""> <span class=""eg deg"">Please go first - I insist!</span></div>, <div class=""examp dexamp""> <span class=""eg deg"">She insisted <span class=""b db"">on</span> see<span class=""b db"">ing</span> her lawyer.</span></div>";[sound:insist_verb_ex_ed_eng.mp3]; ;
suggest;verb;səˈdʒest;<image src='suggest_verb_ed_eng.jpg'>;[sound:suggest_ed_eng.mp3];to mention an idea, possible plan, or action for other people to consider: ; ;[sound:suggest_verb_def_ed_eng.mp3];"<div class=""examp dexamp""><span class=""eg deg"">I suggested an Italian restaurant near the station for the party. </span></div>, <div class=""examp dexamp""><span class=""lab dlab""><span class=""usage dusage"">formal</span></span> <span class=""eg deg"">Might I suggest a white wine with your salmon, sir?</span></div>, <div class=""examp dexamp""> <span class=""gram dgram"">[ <span class=""gc dgc"">+ (that)</span> ]</span> <span class=""eg deg"">I suggest <span class=""b db"">(that)</span> we wait a while before we make any firm decisions.</span></div>, <div class=""examp dexamp""> <span class=""eg deg"">Liz suggested <span class=""b db"">(that)</span> I try the shop on Mill Road.</span></div>, <div class=""examp dexamp""> <span class=""gram dgram"">[ <span class=""gc dgc"">+ -ing verb</span> ]</span> <span class=""eg deg"">I suggested putt<span class=""b db"">ing</span> the matter to the committee.</span></div>, <div class=""examp dexamp""> <span class=""gram dgram"">[ <span class=""gc dgc"">+ question word</span> ]</span> <span class=""eg deg"">Can you suggest <span class=""b db"">wh</span>ere I could buy a dozen roses?</span></div>";[sound:suggest_verb_ex_ed_eng.mp3]; ;
advise;verb;ədˈvaɪz;<image src='advise_verb_ed_eng.jpg'>;[sound:advise_ed_eng.mp3];to give someone advice: ; ;[sound:advise_verb_def_ed_eng.mp3];"<div class=""examp dexamp""><span class=""gram dgram"">[ <span class=""gc dgc"">+ to infinitive</span> ]</span> <span class=""eg deg"">I think I'd advise him <span class=""b db"">to</span> leave the company.</span></div>, <div class=""examp dexamp""> <span class=""eg deg"">His doctor advised him <span class=""b db"">against</span> smoking.</span></div>, <div class=""examp dexamp""> <span class=""eg deg"">I'd strongly advise <span class=""b db"">against</span> making a sudden decision.</span></div>, <div class=""examp dexamp""> <span class=""gram dgram"">[ <span class=""gc dgc"">+ that</span> ]</span> <span class=""eg deg"">They're advising <span class=""b db"">that</span> children be kept at home.</span></div>, <div class=""examp dexamp""> <span class=""gram dgram"">[ <span class=""gc dgc"">+ -ing verb</span> ]</span> <span class=""eg deg"">I'd advise wait<span class=""b db"">ing</span> until tomorrow.</span></div>, <div class=""examp dexamp""> <span class=""gram dgram"">[ <span class=""gc dgc"">+ question word</span> ]</span> <span class=""eg deg"">She advised us <span class=""b db"">wh</span>en to come.</span></div>, <div class=""examp dexamp""> <span class=""eg deg"">She advises the president <span class=""gloss dgloss"">(= gives information and suggests types of action)</span> <span class=""b db"">on</span> African policy.</span></div>, <div class=""examp dexamp""> <span class=""eg deg"">You <span class=""b db"">would be well </span>advised <span class=""b db"">to</span> <span class=""gloss dgloss"">(= it would be wise for you to)</span> have the appropriate vaccinations before you go abroad.</span></div>";[sound:advise_verb_ex_ed_eng.mp3]; ;
ask;verb;ɑːsk;<image src='ask_verb_ed_eng.jpg'>;[sound:ask_ed_eng.mp3];to put a question to someone, or to request an answer from someone: ; ;[sound:ask_verb_def_ed_eng.mp3];"<div class=""examp dexamp""><span class=""gram dgram"">[ <span class=""gc dgc"">+ two objects</span> ]</span> <span class=""eg deg"">She asked me a question.</span></div>, <div class=""examp dexamp""> <span class=""eg deg"">She asked a question <span class=""b db"">about</span> Welsh history.</span></div>, <div class=""examp dexamp""> <span class=""eg deg"">She asked me <span class=""b db"">about</span> Welsh history.</span></div>, <div class=""examp dexamp""> <span class=""eg deg"">She asked <span class=""b db"">about</span> Welsh history.</span></div>, <div class=""examp dexamp""> <span class=""gram dgram"">[ <span class=""gc dgc"">+ question word</span> ]</span> <span class=""eg deg"">I've no idea what time the train leaves. Ask the guard <span class=""b db"">wh</span>ether he knows.</span></div>, <div class=""examp dexamp""> <span class=""eg deg"">I asked the guard the time of the train's departure.</span></div>, <div class=""examp dexamp""> <span class=""eg deg"">I asked <span class=""b db"">wh</span>en the train would leave.</span></div>, <div class=""examp dexamp""> <span class=""gram dgram"">[ <span class=""gc dgc"">+ speech</span> ]</span> <span class=""eg deg"">""What time does the train leave?"" I asked.</span></div>";[sound:ask_verb_ex_ed_eng.mp3]; ;
beg;verb;beɡ;<image src='beg_verb_ed_eng.jpg'>;[sound:beg_ed_eng.mp3];to make a very strong and urgent request: ; ;[sound:beg_verb_def_ed_eng.mp3];"<div class=""examp dexamp""><span class=""eg deg"">They begged <span class=""b db"">for</span> mercy.</span></div>, <div class=""examp dexamp""> <span class=""gram dgram"">[ <span class=""gc dgc"">+ speech</span> ]</span> <span class=""eg deg"">""Please, please forgive me!"" she begged (him).</span></div>, <div class=""examp dexamp""> <span class=""gram dgram"">[ <span class=""gc dgc"">+ obj + to infinitive</span>  ]</span> <span class=""eg deg"">He begged her <span class=""b db"">to</span> stay, but she simply laughed and put her bags in the car.</span></div>";[sound:beg_verb_ex_ed_eng.mp3]; ;
convince;verb;kənˈvɪns;<image src='convince_verb_ed_eng.jpg'>;[sound:convince_ed_eng.mp3];to persuade someone or make someone certain: ; ;[sound:convince_verb_def_ed_eng.mp3];"<div class=""examp dexamp""><span class=""eg deg"">He managed to convince the jury <span class=""b db"">of</span> his innocence.</span></div>, <div class=""examp dexamp""> <span class=""gram dgram"">[ <span class=""gc dgc"">+ (that)</span> ]</span> <span class=""eg deg"">It's useless trying to convince her <span class=""b db"">(that)</span> she doesn't need to lose any weight.</span></div>, <div class=""examp dexamp""> <span class=""gram dgram"">[ <span class=""gc dgc"">+ to infinitive</span> ]</span> <span class=""eg deg"">I hope this will convince you <span class=""b db"">to</span> change your mind.</span></div>";[sound:convince_verb_ex_ed_eng.mp3]; ;
encourage;verb;ɪnˈkʌr.ɪdʒ;<image src='encourage_verb_ed_eng.jpg'>;[sound:encourage_ed_eng.mp3];to make someone more likely to do something, or to make something more likely to happen: ; ;[sound:encourage_verb_def_ed_eng.mp3];"<div class=""examp dexamp""><span class=""gram dgram"">[ <span class=""gc dgc"">T</span> <span class=""gc dgc"">+ to infinitive</span> ]</span> <span class=""eg deg"">We were encouraged <span class=""b db"">to</span> learn foreign languages at school.</span></div>, <div class=""examp dexamp""> <span class=""eg deg"">The council is encouraging the development of the property for both employment and recreation.</span></div>";[sound:encourage_verb_ex_ed_eng.mp3]; ;
forbid;verb;fəˈbɪd;<image src='forbid_verb_ed_eng.jpg'>;[sound:forbid_ed_eng.mp3];to refuse to allow something, especially officially, or to prevent a particular plan of action by making it impossible: ; ;[sound:forbid_verb_def_ed_eng.mp3];"<div class=""examp dexamp""><span class=""eg deg"">The law forbids the sale of cigarettes to people under the age of 16.</span></div>, <div class=""examp dexamp""> <span class=""gram dgram"">[ <span class=""gc dgc"">+ to infinitive</span> ]</span> <span class=""eg deg"">He's obviously really embarrassed about it because he forbade me <span class=""b db"">to</span> tell anyone.</span></div>, <div class=""examp dexamp""> <span class=""eg deg"">He is forbidden <span class=""b db"">from</span> leav<span class=""b db"">ing</span> the country.</span></div>";[sound:forbid_verb_ex_ed_eng.mp3]; ;
invite;verb;ɪnˈvaɪt;<image src='invite_verb_ed_eng.jpg'>;[sound:invite_ed_eng.mp3];to ask or request someone to go to an event: ; ;[sound:invite_verb_def_ed_eng.mp3];"<div class=""examp dexamp""><span class=""eg deg"">We're invited <span class=""b db"">to</span> Lola's party.</span></div>, <div class=""examp dexamp""> <span class=""eg deg"">Candidates who are successful in the written test will be invited <span class=""b db"">for</span> an interview.</span></div>, <div class=""examp dexamp""> <span class=""gram dgram"">[ <span class=""gc dgc"">+ obj + to infinitive</span>  ]</span> <span class=""eg deg"">Her family invited me <span class=""b db"">to</span> stay with them for a few weeks.</span></div>";[sound:invite_verb_ex_ed_eng.mp3]; ;
invite;noun;ˈɪn.vaɪt;<image src='invite_noun_ed_eng.jpg'>;[sound:invite_ed_eng.mp3];an invitation: ; ;[sound:invite_noun_def_ed_eng.mp3];"<div class=""examp dexamp""><span class=""eg deg"">I didn't get an invite to their wedding.</span></div>";[sound:invite_noun_ex_ed_eng.mp3]; ;
order;noun;ˈɔː.dər;<image src='order_noun_ed_eng.jpg'>;[sound:order_ed_eng.mp3];a request to make, supply, or deliver food or goods: ; ;[sound:order_noun_def_ed_eng.mp3];"<div class=""examp dexamp""><span class=""eg deg"">""Can I <span class=""b db"">take</span> your order now?"" said the waiter.</span></div>, <div class=""examp dexamp""> <span class=""eg deg"">I would like to <span class=""b db"">place</span> <span class=""gloss dgloss"">(= make)</span> an order for a large pine table.</span></div>";[sound:order_noun_ex_ed_eng.mp3]; ;
order;verb;ˈɔː.dər;<image src='order_verb_ed_eng.jpg'>;[sound:order_ed_eng.mp3];to ask for something to be made, supplied, or delivered, especially in a restaurant or shop: ; ;[sound:order_verb_def_ed_eng.mp3];"<div class=""examp dexamp""><span class=""eg deg"">I ordered some pasta and a mixed salad.</span></div>, <div class=""examp dexamp""> <span class=""gram dgram"">[ <span class=""gc dgc"">+ two objects</span> ]</span> <span class=""eg deg"">There are no shirts left in this size but we could order one <span class=""b db"">for</span> you/order you one.</span></div>";[sound:order_verb_ex_ed_eng.mp3]; ;
persuade;verb;pəˈsweɪd;<image src='persuade_verb_ed_eng.jpg'>;[sound:persuade_ed_eng.mp3];to make someone do or believe something by giving them a good reason to do it or by talking to that person and making them believe it: ; ;[sound:persuade_verb_def_ed_eng.mp3];"<div class=""examp dexamp""><span class=""eg deg"">If she doesn't want to go, nothing you can say will persuade her.</span></div>, <div class=""examp dexamp""> <span class=""gram dgram"">[ <span class=""gc dgc"">+ (that)</span> ]</span> <span class=""eg deg"">It's no use trying to persuade him <span class=""b db"">(that)</span> you're innocent.</span></div>, <div class=""examp dexamp""> <span class=""gram dgram"">[ <span class=""gc dgc"">+ to infinitive</span> ]</span> <span class=""eg deg"">He is trying to persuade local and foreign businesses <span class=""b db"">to</span> invest in the project.</span></div>, <div class=""examp dexamp""> <span class=""eg deg"">Using a bunch of bananas, the zoo-keeper persuaded the monkey back into its cage.</span></div>, <div class=""examp dexamp""><span class=""lab dlab""><span class=""usage dusage"">formal</span></span> <span class=""eg deg"">The first priority is to persuade the management <span class=""b db"">of</span> the urgency of this matter.</span></div>, <div class=""examp dexamp""> <span class=""eg deg"">Her legal advisers persuaded her <span class=""b db"">into/out of</span> mentioning <span class=""gloss dgloss"">(= to mention/not to mention)</span> the names of the people involved in the robbery.</span></div>";[sound:persuade_verb_ex_ed_eng.mp3]; ;
novel;noun;ˈnɒv.əl;<image src='novel_noun_ed_eng.jpg'>;[sound:novel_ed_eng.mp3];a long printed story about imaginary characters and events: ; ;[sound:novel_noun_def_ed_eng.mp3];"<div class=""examp dexamp""><span class=""eg deg"">a paperback novel</span></div>, <div class=""examp dexamp""> <span class=""eg deg""><span class=""b db"">historical/romantic</span> novels</span></div>, <div class=""examp dexamp""> <span class=""eg deg"">Have you read any of Jane Austen's novels?</span></div>, <div class=""examp dexamp""> <span class=""eg deg"">His latest novel is selling really well.</span></div>";[sound:novel_noun_ex_ed_eng.mp3]; ;
novel;adjective;ˈnɒv.əl;<image src='novel_adjective_ed_eng.jpg'>;[sound:novel_ed_eng.mp3];new and original, not like anything seen before: ; ;[sound:novel_adjective_def_ed_eng.mp3];"<div class=""examp dexamp""><span class=""eg deg"">a novel idea/suggestion</span></div>, <div class=""examp dexamp""> <span class=""eg deg"">Keeping a sheep in the garden is a novel way of keeping the grass short!</span></div>";[sound:novel_adjective_ex_ed_eng.mp3]; ;
pollen;noun;ˈpɒl.ən;<image src='pollen_noun_ed_eng.jpg'>;[sound:pollen_ed_eng.mp3];a powder, produced by the male part of a flower, that causes the female part of the same type of flower to produce seeds. It is carried by insects or the wind.; ;[sound:pollen_noun_def_ed_eng.mp3];;[sound:pollen_noun_ex_ed_eng.mp3]; ;
goose;noun;ɡuːs;<image src='goose_noun_ed_eng.jpg'>;[sound:goose_ed_eng.mp3];a large water bird similar to a duck but larger, or the meat from this bird; ;[sound:goose_noun_def_ed_eng.mp3];;[sound:goose_noun_ex_ed_eng.mp3]; ;
goose;verb;ɡuːs;<image src='goose_verb_ed_eng.jpg'>;[sound:goose_ed_eng.mp3];to press or take hold of someone's bottom; ;[sound:goose_verb_def_ed_eng.mp3];;[sound:goose_verb_ex_ed_eng.mp3]; ;
knife;noun;naɪf;<image src='knife_noun_ed_eng.jpg'>;[sound:knife_ed_eng.mp3];a tool, usually with a metal blade and a handle, used for cutting and spreading food or other substances, or as a weapon: ; ;[sound:knife_noun_def_ed_eng.mp3];"<div class=""examp dexamp""><span class=""eg deg"">a fish/butter/steak knife</span></div>, <div class=""examp dexamp""> <span class=""eg deg"">I prefer to use a knife <span class=""b db"">and fork</span>.</span></div>, <div class=""examp dexamp""> <span class=""eg deg"">He <span class=""b db"">drew/pulled</span> a knife and stabbed her.</span></div>";[sound:knife_noun_ex_ed_eng.mp3]; ;
knife;verb;naɪf;<image src='knife_verb_ed_eng.jpg'>;[sound:knife_ed_eng.mp3];to attack someone using a knife: ; ;[sound:knife_verb_def_ed_eng.mp3];"<div class=""examp dexamp""><span class=""eg deg"">He knifed her <span class=""b db"">in</span> the back.</span></div>";[sound:knife_verb_ex_ed_eng.mp3]; ;
shelf;noun;ʃelf;<image src='shelf_noun_ed_eng.jpg'>;[sound:shelf_ed_eng.mp3];a long, flat board fixed horizontally, usually against a wall or inside a cupboard so that objects can be stored on it: ; ;[sound:shelf_noun_def_ed_eng.mp3];"<div class=""examp dexamp""><span class=""eg deg"">a glass shelf</span></div>, <div class=""examp dexamp""> <span class=""eg deg""><span class=""b db"">on</span> the top/bottom shelf</span></div>, <div class=""examp dexamp""> <span class=""eg deg"">One wall had shelves from floor to ceiling, crammed with books.</span></div>";[sound:shelf_noun_ex_ed_eng.mp3]; ;
matter;noun;ˈmæt.ər;<image src='matter_noun_ed_eng.jpg'>;[sound:matter_ed_eng.mp3];a situation or subject that is being dealt with or considered: ; ;[sound:matter_noun_def_ed_eng.mp3];"<div class=""examp dexamp""><span class=""eg deg"">Could I talk to you about a personal matter?</span></div>, <div class=""examp dexamp""> <span class=""eg deg"">Allen denied any knowledge of the matter.</span></div>, <div class=""examp dexamp""> <span class=""eg deg"">Please phone me back - it's a matter <span class=""b db"">of</span> some importance.</span></div>, <div class=""examp dexamp""> <span class=""eg deg"">Talking about the world's problems is one thing, but solving them is <span class=""b db"">another</span> matter <span class=""b db"">altogether</span> <span class=""gloss dgloss"">(= is completely different)</span>.</span></div>";[sound:matter_noun_ex_ed_eng.mp3]; ;
matter;verb;ˈmæt.ər;<image src='matter_verb_ed_eng.jpg'>;[sound:matter_ed_eng.mp3];to be important, or to affect what happens: ; ;[sound:matter_verb_def_ed_eng.mp3];"<div class=""examp dexamp""><span class=""eg deg"">We were late but it didn't seem to matter.</span></div>, <div class=""examp dexamp""> <span class=""eg deg"">""What did you say?"" ""Oh, <span class=""b db"">it doesn't</span> matter.""</span></div>, <div class=""examp dexamp""> <span class=""gram dgram"">[ <span class=""gc dgc"">+ question word</span> ]</span> <span class=""eg deg""><span class=""b db"">It</span> doesn't matter<span class=""b db""> wh</span>at you wear - just as long as you come.</span></div>, <div class=""examp dexamp""> <span class=""gram dgram"">[ <span class=""gc dgc"">+ that</span> ]</span> <span class=""eg deg""><span class=""b db"">It</span> didn't matter<span class=""b db""> that</span> our best player was injured after ten minutes - we still won.</span></div>, <div class=""examp dexamp""> <span class=""eg deg"">I know Charles doesn't think this project is important, but it matters <span class=""b db"">to</span> me.</span></div>";[sound:matter_verb_ex_ed_eng.mp3]; ;
reluctant;adjective;rɪˈlʌk.tənt;<image src='reluctant_adjective_ed_eng.jpg'>;[sound:reluctant_ed_eng.mp3];not willing to do something and therefore slow to do it: ; ;[sound:reluctant_adjective_def_ed_eng.mp3];"<div class=""examp dexamp""><span class=""gram dgram"">[ <span class=""gc dgc"">+ to infinitive</span> ]</span> <span class=""eg deg"">I was having such a good time I was reluctant <span class=""b db"">to</span> leave.</span></div>, <div class=""examp dexamp""> <span class=""eg deg"">Many parents feel reluctant <span class=""b db"">to</span> talk openly with their children.</span></div>, <div class=""examp dexamp""> <span class=""eg deg"">She persuaded her reluctant husband to take a trip to Florida with her.</span></div>";[sound:reluctant_adjective_ex_ed_eng.mp3]; ;
listen-in;phrasal verb;ˈlɪs.ən;<image src='listen-in_phrasal verb_ed_eng.jpg'>;[sound:listen-in_ed_eng.mp3];If you listen in on a conversation or on someone talking, you listen, especially secretly, without saying anything: ; ;[sound:listen-in_phrasal verb_def_ed_eng.mp3];"<div class=""examp dexamp""><span class=""eg deg"">I wish Dad would stop listening in on my phone conversations.</span></div>";[sound:listen-in_phrasal verb_ex_ed_eng.mp3]; ;
recall;verb;rɪˈkɔːl;<image src='recall_verb_ed_eng.jpg'>;[sound:recall_ed_eng.mp3];to bring the memory of a past event into your mind, and often to give a description of what you remember: ; ;[sound:recall_verb_def_ed_eng.mp3];"<div class=""examp dexamp""><span class=""eg deg"">The old man recalled the city as it had been before the war.</span></div>, <div class=""examp dexamp""> <span class=""eg deg"">""As I recall,"" he said with some irritation, ""you still owe me €150.""</span></div>, <div class=""examp dexamp""> <span class=""gram dgram"">[ <span class=""gc dgc"">+ (that)</span> ]</span> <span class=""eg deg"">He recalled <span class=""b db"">(that)</span> he had sent the letter over a month ago.</span></div>, <div class=""examp dexamp""> <span class=""gram dgram"">[ <span class=""gc dgc"">+ question word</span> ]</span> <span class=""eg deg"">Can you recall <span class=""b db"">wh</span>at happened last night?</span></div>, <div class=""examp dexamp""> <span class=""gram dgram"">[ <span class=""gc dgc"">+ -ing verb</span> ]</span> <span class=""eg deg"">She recalled see<span class=""b db"">ing</span> him outside the shop on the night of the robbery.</span></div>";[sound:recall_verb_ex_ed_eng.mp3]; ;
recall;noun;rɪˈkɔːl;<image src='recall_noun_ed_eng.jpg'>;[sound:recall_ed_eng.mp3];the ability to remember things: ; ;[sound:recall_noun_def_ed_eng.mp3];"<div class=""examp dexamp""><span class=""eg deg"">Old people often have astonishing <span class=""b db"">powers of</span> recall.</span></div>, <div class=""examp dexamp""> <span class=""eg deg"">My brother has <span class=""b db"">total</span> recall <span class=""gloss dgloss"">(= he can remember every detail of past events)</span>.</span></div>";[sound:recall_noun_ex_ed_eng.mp3]; ;
mat;noun;mæt;<image src='mat_noun_ed_eng.jpg'>;[sound:mat_ed_eng.mp3];a small piece of strong material that covers and protects part of a floor: ; ;[sound:mat_noun_def_ed_eng.mp3];"<div class=""examp dexamp""><span class=""eg deg"">Wipe your feet on the mat before you come inside.</span></div>";[sound:mat_noun_ex_ed_eng.mp3]; ;
pen;noun;pen;<image src='pen_noun_ed_eng.jpg'>;[sound:pen_ed_eng.mp3];a long, thin object used for writing or drawing with ink: ; ;[sound:pen_noun_def_ed_eng.mp3];"<div class=""examp dexamp""><span class=""eg deg"">a fountain/ballpoint/felt-tip pen</span></div>, <div class=""examp dexamp""> <span class=""eg deg"">Don't write <span class=""b db"">in</span> pen <span class=""gloss dgloss"">(= using a pen)</span>, or you won't be able to rub out any mistakes you make.</span></div>";[sound:pen_noun_ex_ed_eng.mp3]; ;
pen;verb;pen;<image src='pen_verb_ed_eng.jpg'>;[sound:pen_ed_eng.mp3];to write something: ; ;[sound:pen_verb_def_ed_eng.mp3];"<div class=""examp dexamp""><span class=""eg deg"">She penned a note of thanks to her hostess.</span></div>";[sound:pen_verb_ex_ed_eng.mp3]; ;
pan;noun;pæn;<image src='pan_noun_ed_eng.jpg'>;[sound:pan_ed_eng.mp3];a metal container that is round and often has a long handle and a lid, used for cooking things on top of a cooker: ; ;[sound:pan_noun_def_ed_eng.mp3];"<div class=""examp dexamp""><span class=""eg deg"">Heat the milk in a small pan.</span></div>, <div class=""examp dexamp""> <span class=""eg deg"">This dishwasher even washes <span class=""b db"">pots and</span> pans <span class=""gloss dgloss"">(= different types of pan)</span>.</span></div>";[sound:pan_noun_ex_ed_eng.mp3]; ;
pan;verb;pæn;<image src='pan_verb_ed_eng.jpg'>;[sound:pan_ed_eng.mp3];(of a video camera) to move slowly from one side to another or up and down: ; ;[sound:pan_verb_def_ed_eng.mp3];"<div class=""examp dexamp""><span class=""eg deg"">In the first scene, the camera pans slowly <span class=""b db"">across</span> the room.</span></div>";[sound:pan_verb_ex_ed_eng.mp3]; ;
lad;noun;læd;<image src='lad_noun_ed_eng.jpg'>;[sound:lad_ed_eng.mp3];a boy or young man: ; ;[sound:lad_noun_def_ed_eng.mp3];"<div class=""examp dexamp""><span class=""eg deg"">A group of young lads were standing outside the shop.</span></div>, <div class=""examp dexamp""> <span class=""eg deg"">He's a nice lad.</span></div>, <div class=""examp dexamp""> <span class=""eg deg"">The prime minister's a <span class=""b db"">local</span> lad <span class=""gloss dgloss"">(= he was born and lived in this area)</span>.</span></div>, <div class=""examp dexamp""> <span class=""eg deg"">lads <span class=""b db"">and lasses</span> <span class=""gloss dgloss"">(= boys and girls)</span></span></div>, <div class=""examp dexamp""> <span class=""gram dgram"">[ <span class=""gc dgc"">as form of address</span> ]</span> <span class=""eg deg"">Come on, lads, let's get this job finished!</span></div>";[sound:lad_noun_ex_ed_eng.mp3]; ;
latter;adjective;ˈlæt.ər;<image src='latter_adjective_ed_eng.jpg'>;[sound:latter_ed_eng.mp3];near or towards the end of something: ; ;[sound:latter_adjective_def_ed_eng.mp3];"<div class=""examp dexamp""><span class=""eg deg"">Building of the new library should begin in the latter <span class=""b db"">part</span> of next year.</span></div>, <div class=""examp dexamp""> <span class=""eg deg"">In the latter stages of the fight he began to tire.</span></div>";[sound:latter_adjective_ex_ed_eng.mp3]; ;
latter;noun;ˈlæt.ər;<image src='latter_noun_ed_eng.jpg'>;[sound:latter_ed_eng.mp3];the second of two people, things, or groups previously mentioned: ; ;[sound:latter_noun_def_ed_eng.mp3];"<div class=""examp dexamp""><span class=""eg deg"">She offered me more money or a car and I chose the latter.</span></div>";[sound:latter_noun_ex_ed_eng.mp3]; ;
letter;noun;ˈlet.ər;<image src='letter_noun_ed_eng.jpg'>;[sound:letter_ed_eng.mp3];a written message from one person to another, usually put in an envelope and sent by post: ; ;[sound:letter_noun_def_ed_eng.mp3];"<div class=""examp dexamp""><span class=""eg deg"">I <span class=""b db"">got</span> a letter <span class=""b db"">from</span> the bank this morning.</span></div>";[sound:letter_noun_ex_ed_eng.mp3]; ;
letter;adjective;ˈlet.ər;<image src='letter_adjective_ed_eng.jpg'>;[sound:letter_ed_eng.mp3];used to refer to a standard size of paper in the US, 8.5 inches by 11 inches: ; ;[sound:letter_adjective_def_ed_eng.mp3];"<div class=""examp dexamp""><span class=""eg deg"">Fliers are usually printed either on letter size or legal size paper.</span></div>";[sound:letter_adjective_ex_ed_eng.mp3]; ;
flesh;noun;fleʃ;<image src='flesh_noun_ed_eng.jpg'>;[sound:flesh_ed_eng.mp3];the soft part of the body of a person or animal that is between the skin and the bones, or the soft inside part of a fruit or vegetable: ; ;[sound:flesh_noun_def_ed_eng.mp3];"<div class=""examp dexamp""><span class=""eg deg"">The thorn went deep into the flesh of my hand.</span></div>, <div class=""examp dexamp""> <span class=""eg deg"">Vegetarians don't eat animal flesh <span class=""gloss dgloss"">(= meat)</span>.</span></div>, <div class=""examp dexamp""> <span class=""eg deg"">The flesh of the fruit is white.</span></div>";[sound:flesh_noun_ex_ed_eng.mp3]; ;
craft;noun;krɑːft;<image src='craft_noun_ed_eng.jpg'>;[sound:craft_ed_eng.mp3];|skill and experience, especially in relation to making objects;;[sound:craft_noun_def_ed_eng.mp3];"<div class=""examp dexamp""><span class=""eg deg"">the craft of furniture making/sewing/glassblowing</span></div>, <div class=""examp dexamp""> <span class=""eg deg"">political/literary craft</span></div>, <div class=""examp dexamp""> <span class=""eg deg"">rural/ancient/traditional crafts</span></div>, <div class=""examp dexamp""> <span class=""eg deg"">craft workers <span class=""gloss dgloss"">(= skilled workers)</span></span></div>";[sound:craft_noun_ex_ed_eng.mp3];; 
craft;verb;krɑːft;<image src='craft_verb_ed_eng.jpg'>;[sound:craft_ed_eng.mp3];to make objects, especially in a skilled way:  ; ;[sound:craft_verb_def_ed_eng.mp3];"<div class=""examp dexamp""><span class=""eg deg"">These bracelets were crafted by Native Americans.</span></div>, <div class=""examp dexamp""> <span class=""eg deg"">a beautifully crafted silver brooch</span></div>";[sound:craft_verb_ex_ed_eng.mp3]; ;
craft;adjective;krɑːft;<image src='craft_adjective_ed_eng.jpg'>;[sound:craft_ed_eng.mp3];relating to food or drink made using traditional methods by small companies, or companies and people that do this: ; ;[sound:craft_adjective_def_ed_eng.mp3];"<div class=""examp dexamp""><span class=""eg deg"">With a craft gin, this ethos of care and attention goes from grain to glass.</span></div>, <div class=""examp dexamp""> <span class=""eg deg"">All over the world, craft bakers exist who bake bread in traditional ways.</span></div>";[sound:craft_adjective_ex_ed_eng.mp3]; ;
jury;noun;ˈdʒʊə.ri;<image src='jury_noun_ed_eng.jpg'>;[sound:jury_ed_eng.mp3];a group of people who have been chosen to listen to all the facts in a trial in a law court and to decide if a person is guilty or not guilty, or if a claim has been proved: ; ;[sound:jury_noun_def_ed_eng.mp3];"<div class=""examp dexamp""><span class=""eg deg"">members of the jury</span></div>, <div class=""examp dexamp""> <span class=""eg deg"">The jury has/have been unable to return a verdict <span class=""gloss dgloss"">(= reach a decision)</span>.</span></div>, <div class=""examp dexamp""> <span class=""eg deg"">Police officers aren't usually allowed to <span class=""b db"">be/sit/serve on</span> a jury.</span></div>";[sound:jury_noun_ex_ed_eng.mp3]; ;
needle;noun;ˈniː.dəl;<image src='needle_noun_ed_eng.jpg'>;[sound:needle_ed_eng.mp3];a thin metal pin, used in sewing, that is pointed at one end and has a hole called an eye at the other end for thread: ; ;[sound:needle_noun_def_ed_eng.mp3];"<div class=""examp dexamp""><span class=""eg deg"">a needle and thread</span></div>, <div class=""examp dexamp""> <span class=""eg deg"">Here, your eyes are better than mine - could you <span class=""b db"">thread</span> <span class=""gloss dgloss"">(= put thread through)</span> this needle for me?</span></div>";[sound:needle_noun_ex_ed_eng.mp3]; ;
needle;verb;ˈniː.dəl;<image src='needle_verb_ed_eng.jpg'>;[sound:needle_ed_eng.mp3];to annoy someone, especially by repeated criticism: ; ;[sound:needle_verb_def_ed_eng.mp3];"<div class=""examp dexamp""><span class=""eg deg"">His mother was always needling him <span class=""b db"">about</span> getting a job.</span></div>";[sound:needle_verb_ex_ed_eng.mp3]; ;
unravel;verb;ʌnˈræv.əl;<image src='unravel_verb_ed_eng.jpg'>;[sound:unravel_ed_eng.mp3];If a piece of knitted or woven cloth, a knot, or a mass of thread unravels, it separates into a single thread, and if you unravel it, you separate it into a single thread: ; ;[sound:unravel_verb_def_ed_eng.mp3];"<div class=""examp dexamp""><span class=""eg deg"">You'd better mend that hole before the whole sweater starts to unravel.</span></div>, <div class=""examp dexamp""> <span class=""eg deg"">I had to unravel one of the sleeves because I realized I'd knitted it too small.</span></div>";[sound:unravel_verb_ex_ed_eng.mp3]; ;
murderer;noun;ˈmɜː.dər.ər;<image src='murderer_noun_ed_eng.jpg'>;[sound:murderer_ed_eng.mp3];someone who illegally and intentionally kills another person: ; ;[sound:murderer_noun_def_ed_eng.mp3];"<div class=""examp dexamp""><span class=""eg deg"">A <span class=""b db"">convicted</span> murderer was executed in North Carolina yesterday.</span></div>, <div class=""examp dexamp""> <span class=""eg deg"">a <span class=""b db"">mass</span> murderer <span class=""gloss dgloss"">(= someone who has killed a large number of people illegally)</span></span></div>";[sound:murderer_noun_ex_ed_eng.mp3]; ;
journey;noun;ˈdʒɜː.ni;<image src='journey_noun_ed_eng.jpg'>;[sound:journey_ed_eng.mp3];the act of travelling from one place to another, especially in a vehicle: ; ;[sound:journey_noun_def_ed_eng.mp3];"<div class=""examp dexamp""><span class=""eg deg"">I love <span class=""b db"">going on</span> long journeys.</span></div>, <div class=""examp dexamp""> <span class=""eg deg"">We <span class=""b db"">broke</span> our journey <span class=""gloss dgloss"">(= stopped for a short time)</span> in Jacksonville before travelling on to Miami the next day.</span></div>, <div class=""examp dexamp""> <span class=""eg deg"">Have a <span class=""b db"">safe</span> journey!</span></div>, <div class=""examp dexamp""><span class=""lab dlab""><span class=""usage dusage"">figurative</span></span> <span class=""eg deg"">He views his life as a <span class=""b db"">spiritual</span> journey towards a greater understanding of his faith.</span></div>, <div class=""examp dexamp""><span class=""lab dlab"">mainly <span class=""region dregion"">UK</span></span> <span class=""eg deg"">Did you have a <span class=""b db"">good</span> journey?</span></div>, <div class=""examp dexamp""><span class=""lab dlab"">mainly <span class=""region dregion"">UK</span></span> <span class=""eg deg"">It's a two-hour train journey <span class=""b db"">from</span> York <span class=""b db"">to</span> London.</span></div>";[sound:journey_noun_ex_ed_eng.mp3]; ;
journey;verb;ˈdʒɜː.ni;<image src='journey_verb_ed_eng.jpg'>;[sound:journey_ed_eng.mp3];to travel somewhere: ; ;[sound:journey_verb_def_ed_eng.mp3];"<div class=""examp dexamp""><span class=""eg deg"">As we journeyed south, the landscape became drier and rockier.</span></div>";[sound:journey_verb_ex_ed_eng.mp3]; ;
mirror;noun;ˈmɪr.ər;<image src='mirror_noun_ed_eng.jpg'>;[sound:mirror_ed_eng.mp3];a piece of glass with a shiny, metal-covered back that reflects light, producing an image of whatever is in front of it: ; ;[sound:mirror_noun_def_ed_eng.mp3];"<div class=""examp dexamp""><span class=""eg deg"">the bathroom mirror</span></div>, <div class=""examp dexamp""> <span class=""eg deg"">She was looking at her reflection <span class=""b db"">in</span> the mirror.</span></div>";[sound:mirror_noun_ex_ed_eng.mp3]; ;
mirror;verb;ˈmɪr.ər;<image src='mirror_verb_ed_eng.jpg'>;[sound:mirror_ed_eng.mp3];to represent something honestly: ; ;[sound:mirror_verb_def_ed_eng.mp3];"<div class=""examp dexamp""><span class=""eg deg"">Our newspaper aims to mirror the opinions of ordinary people.</span></div>";[sound:mirror_verb_ex_ed_eng.mp3]; ;
rear;adjective;rɪər;<image src='rear_adjective_ed_eng.jpg'>;[sound:rear_ed_eng.mp3];at the back of something: ; ;[sound:rear_adjective_def_ed_eng.mp3];"<div class=""examp dexamp""><span class=""eg deg"">There's a sticker on the rear <span class=""b db"">door/window</span>.</span></div>, <div class=""examp dexamp""> <span class=""eg deg"">The horse had injured one of its rear <span class=""b db"">legs</span>.</span></div>";[sound:rear_adjective_ex_ed_eng.mp3]; ;
rear;noun;rɪər;<image src='rear_noun_ed_eng.jpg'>;[sound:rear_ed_eng.mp3];the back part of something: ; ;[sound:rear_noun_def_ed_eng.mp3];"<div class=""examp dexamp""><span class=""eg deg"">We walked round to the rear of the house.</span></div>, <div class=""examp dexamp""> <span class=""eg deg"">Two police motorcyclists <span class=""b db"">brought up</span> the rear <span class=""gloss dgloss"">(= formed the last part)</span> of the demonstration.</span></div>";[sound:rear_noun_ex_ed_eng.mp3]; ;
rear;verb;rɪər;<image src='rear_verb_ed_eng.jpg'>;[sound:rear_ed_eng.mp3];to care for young animals or children until they are able to care for themselves: ; ;[sound:rear_verb_def_ed_eng.mp3];"<div class=""examp dexamp""><span class=""eg deg"">Some women make a deliberate choice to rear a <span class=""b db"">child</span> alone.</span></div>, <div class=""examp dexamp""> <span class=""eg deg"">He describes how these birds rear their <span class=""b db"">young</span>.</span></div>";[sound:rear_verb_ex_ed_eng.mp3]; ;
flash;verb;flæʃ;<image src='flash_verb_ed_eng.jpg'>;[sound:flash_ed_eng.mp3];to shine brightly and suddenly, or to make something shine in this way: ; ;[sound:flash_verb_def_ed_eng.mp3];"<div class=""examp dexamp""><span class=""eg deg"">Stop flashing that light <span class=""b db"">in</span> my eyes!</span></div>, <div class=""examp dexamp""> <span class=""eg deg"">The lightning flashed and distant thunder rolled.</span></div>, <div class=""examp dexamp""> <span class=""eg deg"">You'd better slow down, that car was flashing its lights <span class=""b db"">at</span> you.</span></div>";[sound:flash_verb_ex_ed_eng.mp3]; ;
flash;noun;flæʃ;<image src='flash_noun_ed_eng.jpg'>;[sound:flash_ed_eng.mp3];a sudden bright light that quickly disappears: ; ;[sound:flash_noun_def_ed_eng.mp3];"<div class=""examp dexamp""><span class=""eg deg"">a flash of lightning</span></div>, <div class=""examp dexamp""> <span class=""eg deg"">The bomb exploded in a flash <span class=""b db"">of</span> yellow light.</span></div>";[sound:flash_noun_ex_ed_eng.mp3]; ;
flash;adjective;flæʃ;<image src='flash_adjective_ed_eng.jpg'>;[sound:flash_ed_eng.mp3];looking expensive in a way that attracts attention: ; ;[sound:flash_adjective_def_ed_eng.mp3];"<div class=""examp dexamp""><span class=""eg deg"">That's a very flash suit he's wearing.</span></div>";[sound:flash_adjective_ex_ed_eng.mp3]; ;
escape;verb;ɪˈskeɪp;<image src='escape_verb_ed_eng.jpg'>;[sound:escape_ed_eng.mp3];to get free from something, or to avoid something: ; ;[sound:escape_verb_def_ed_eng.mp3];"<div class=""examp dexamp""><span class=""eg deg"">Two prisoners have escaped.</span></div>, <div class=""examp dexamp""> <span class=""eg deg"">A lion has escaped <span class=""b db"">from</span> its cage.</span></div>, <div class=""examp dexamp""> <span class=""eg deg"">She was lucky to escape serious injury.</span></div>, <div class=""examp dexamp""> <span class=""eg deg"">He <span class=""b db"">narrowly</span> <span class=""gloss dgloss"">(= only just)</span> escaped a fine.</span></div>, <div class=""examp dexamp""> <span class=""eg deg"">His <span class=""b db"">name</span> escapes me <span class=""gloss dgloss"">(= I have forgotten his name)</span>.</span></div>, <div class=""examp dexamp""> <span class=""eg deg"">Nothing important escapes her <span class=""b db"">notice/attention</span>.</span></div>";[sound:escape_verb_ex_ed_eng.mp3]; ;
escape;noun;ɪˈskeɪp;<image src='escape_noun_ed_eng.jpg'>;[sound:escape_ed_eng.mp3];the act of successfully getting out of a place or a dangerous or bad situation: ; ;[sound:escape_noun_def_ed_eng.mp3];"<div class=""examp dexamp""><span class=""eg deg"">He <span class=""b db"">made</span> his escape on the back of a motorcycle.</span></div>, <div class=""examp dexamp""> <span class=""eg deg"">an escape <span class=""b db"">route</span></span></div>, <div class=""examp dexamp""> <span class=""eg deg"">They <span class=""b db"">had a narrow</span> escape <span class=""gloss dgloss"">(= only just avoided injury or death)</span> when their car crashed.</span></div>";[sound:escape_noun_ex_ed_eng.mp3]; ;
get-in;phrasal verb;ɡet;<image src='get-in_phrasal verb_ed_eng.jpg'>;[sound:get-in_ed_eng.mp3];to succeed in entering a place, especially by using force or a trick: ; ;[sound:get-in_phrasal verb_def_ed_eng.mp3];"<div class=""examp dexamp""><span class=""eg deg"">They must have got in through the bathroom window.</span></div>";[sound:get-in_phrasal verb_ex_ed_eng.mp3]; ;
